,City Name,Country Code,Date,Latitude,Longitude,Humidity,Max Temperature,Cloudiness,Wind Speed
0,georgetown,sh,03/13/18,-7.93,-14.42,100,78.83,0,11.68
1,avarua,ck,03/13/18,-21.21,-159.78,94,78.8,90,3.36
2,atuona,pf,03/13/18,-9.8,-139.03,100,79.82,88,9.78
3,albany,au,03/13/18,-35.02,117.88,85,68.48,92,6.31
4,rikitea,pf,03/13/18,-23.12,-134.97,100,80.18,20,7.76
5,shiraz,ir,03/13/18,29.61,52.54,29,51.8,0,4.7
6,vaitape,pf,03/13/18,-16.52,-151.75,100,81.53,32,9.78
7,barrow,us,03/13/18,39.51,-90.4,37,42.8,1,17.22
8,togur,ru,03/13/18,58.36,82.83,74,-10.82,20,7.65
9,tasiilaq,gl,03/13/18,65.61,-37.64,47,14.0,0,1.12
10,ayr,au,03/13/18,-19.58,147.4,85,79.91,0,13.24
11,rocha,uy,03/13/18,-34.48,-54.34,46,67.31,0,10.45
12,povenets,ru,03/13/18,62.85,34.83,96,34.01,92,3.29
13,upernavik,gl,03/13/18,72.79,-56.15,98,2.06,64,1.61
14,ushuaia,ar,03/13/18,-54.81,-68.31,49,46.4,20,6.93
15,tiksi,ru,03/13/18,71.64,128.87,56,-32.24,20,2.95
16,nikolskoye,ru,03/13/18,59.7,30.79,93,37.4,90,8.95
17,busselton,au,03/13/18,-33.64,115.35,100,70.1,92,12.01
18,ponta do sol,cv,03/13/18,17.2,-25.09,99,71.27,0,15.82
19,tommot,ru,03/13/18,58.97,126.27,66,-1.55,36,6.42
20,honningsvag,no,03/13/18,70.98,25.97,100,24.47,76,9.78
21,hilo,us,03/13/18,19.71,-155.08,83,71.6,90,9.17
22,chicama,pe,03/13/18,-7.84,-79.15,93,66.2,75,8.05
23,tairua,nz,03/13/18,-37.02,175.85,60,69.83,0,6.98
24,bredasdorp,za,03/13/18,-34.53,20.04,72,68.0,92,1.12
25,esperance,au,03/13/18,-33.86,121.89,63,69.47,76,16.26
26,duldurga,ru,03/13/18,50.67,113.59,51,2.96,0,12.46
27,ust-kuyga,ru,03/13/18,70.0,135.55,47,-29.27,36,3.06
28,bethel,us,03/13/18,60.79,-161.76,85,19.4,90,5.82
29,punta arenas,cl,03/13/18,-53.16,-70.91,75,41.0,40,21.18
30,ilhabela,br,03/13/18,-23.78,-45.36,100,78.56,56,14.47
31,jatai,br,03/13/18,-17.88,-51.71,82,76.13,24,2.28
32,komsomolskiy,ru,03/13/18,67.55,63.78,69,-10.19,0,16.82
33,kavieng,pg,03/13/18,-2.57,150.8,100,84.14,92,9.44
34,port elizabeth,za,03/13/18,-33.92,25.57,88,68.0,0,20.8
35,norman wells,ca,03/13/18,65.28,-126.83,55,35.6,75,4.7
36,dikson,ru,03/13/18,73.51,80.55,93,-4.34,44,17.6
37,frutal,br,03/13/18,-20.02,-48.93,84,77.03,12,2.17
38,cidreira,br,03/13/18,-30.17,-50.22,69,69.38,88,5.64
39,port alfred,za,03/13/18,-33.59,26.89,92,70.28,36,11.01
40,carnarvon,au,03/13/18,-24.87,113.63,90,81.8,0,8.1
41,saint-philippe,re,03/13/18,-21.36,55.77,73,78.8,20,4.7
42,houma,us,03/13/18,29.6,-90.72,33,62.6,5,11.41
43,hambantota,lk,03/13/18,6.12,81.12,100,80.45,88,8.55
44,lebu,cl,03/13/18,-37.62,-73.65,100,60.83,36,7.87
45,nouakchott,mr,03/13/18,18.08,-15.98,81,70.19,0,16.37
46,morro bay,us,03/13/18,35.37,-120.85,87,64.4,90,9.17
47,santo domingo,ni,03/13/18,12.26,-85.08,59,91.4,40,9.17
48,tilichiki,ru,03/13/18,60.47,166.1,69,-9.92,8,9.22
49,minab,ir,03/13/18,27.15,57.07,88,68.0,0,4.7
50,chuy,uy,03/13/18,-33.69,-53.46,66,71.18,24,9.22
51,tres arroyos,ar,03/13/18,-38.38,-60.28,61,55.07,0,3.18
52,the valley,ai,03/13/18,18.22,-63.06,78,78.8,20,8.05
53,arraial do cabo,br,03/13/18,-22.97,-42.02,88,78.8,40,2.24
54,cabo san lucas,mx,03/13/18,22.89,-109.91,50,80.6,40,18.34
55,koungou,yt,03/13/18,-12.73,45.2,88,78.8,0,5.82
56,mana,gf,03/13/18,5.67,-53.78,72,78.2,24,4.97
57,hirara,jp,03/13/18,24.8,125.28,73,71.6,40,10.29
58,jamestown,sh,03/13/18,-15.94,-5.72,100,74.69,48,14.7
59,ribeira grande,pt,03/13/18,38.52,-28.7,99,60.83,8,37.18
60,acapulco,mx,03/13/18,16.86,-99.88,83,80.6,5,12.75
61,hermanus,za,03/13/18,-34.42,19.24,96,61.19,76,3.62
62,along,in,03/13/18,28.17,94.8,88,49.85,12,2.17
63,butaritari,ki,03/13/18,3.07,172.79,98,83.42,56,13.8
64,gornyy,ru,03/13/18,51.76,48.54,65,-8.3,0,3.29
65,lensk,ru,03/13/18,60.71,114.91,61,-3.26,36,7.43
66,kirkland lake,ca,03/13/18,48.15,-80.03,86,26.6,90,14.99
67,yellowknife,ca,03/13/18,62.45,-114.38,85,32.0,75,9.17
68,west bay,ky,03/13/18,19.37,-81.42,78,80.6,75,10.29
69,hobart,au,03/13/18,-42.88,147.33,63,62.6,75,5.82
70,bhanpuri,in,03/13/18,21.1,80.92,69,66.23,0,2.84
71,paita,pe,03/13/18,-5.09,-81.11,60,80.45,20,8.66
72,cape town,za,03/13/18,-33.93,18.42,88,64.4,20,5.82
73,victoria,sc,03/13/18,-4.62,55.45,83,82.4,75,10.29
74,pochutla,mx,03/13/18,15.74,-96.47,74,80.6,20,8.43
75,grand gaube,mu,03/13/18,-20.01,57.66,88,78.8,75,14.99
76,hampton,ca,03/13/18,45.53,-65.84,82,33.8,90,21.92
77,faanui,pf,03/13/18,-16.48,-151.75,100,81.8,20,9.78
78,puerto ayora,ec,03/13/18,-0.74,-90.35,83,80.6,75,5.82
79,san andres,co,03/13/18,8.22,-76.58,78,80.6,90,13.87
80,provideniya,ru,03/13/18,64.42,-173.23,70,1.4,75,15.66
81,hovd,mn,03/13/18,48.01,91.64,75,14.66,12,3.29
82,nalut,ly,03/13/18,31.86,10.98,63,52.91,12,2.51
83,ahipara,nz,03/13/18,-35.17,173.16,76,70.64,0,12.46
84,show low,us,03/13/18,34.25,-110.03,40,64.4,1,10.29
85,zharkent,kz,03/13/18,44.17,80.0,86,27.53,80,1.16
86,mahebourg,mu,03/13/18,-20.41,57.7,88,78.8,75,14.99
87,salalah,om,03/13/18,17.01,54.1,73,73.4,20,4.7
88,vicosa do ceara,br,03/13/18,-3.56,-41.09,97,73.97,92,3.18
89,dryden,ca,03/13/18,49.79,-92.84,37,33.8,40,14.99
90,sehithwa,bw,03/13/18,-20.47,22.7,77,67.85,24,5.97
91,xapuri,br,03/13/18,-10.65,-68.5,83,80.6,90,11.41
92,orlik,ru,03/13/18,52.51,99.83,44,-19.01,8,1.83
93,khatanga,ru,03/13/18,71.98,102.47,0,-41.6,0,3.74
94,saskylakh,ru,03/13/18,71.97,114.09,63,-34.4,32,3.06
95,gorontalo,id,03/13/18,0.54,123.06,88,76.94,76,2.17
96,hithadhoo,mv,03/13/18,-0.6,73.08,100,83.51,64,5.97
97,atbasar,kz,03/13/18,51.81,68.36,82,11.24,76,15.82
98,uyutne,ua,03/13/18,45.2,33.3,90,48.77,76,16.04
99,nouadhibou,mr,03/13/18,20.93,-17.03,68,68.0,76,21.92
100,sobolevo,ru,03/13/18,54.43,31.9,97,31.94,92,17.27
101,belmonte,br,03/13/18,-26.84,-53.58,51,77.93,0,6.53
102,manggar,id,03/13/18,-2.88,108.27,100,77.84,88,4.07
103,new norfolk,au,03/13/18,-42.78,147.06,63,62.6,75,5.82
104,los llanos de aridane,es,03/13/18,28.66,-17.92,72,62.6,0,6.93
105,longyearbyen,sj,03/13/18,78.22,15.64,84,5.0,20,5.82
106,kapaa,us,03/13/18,22.08,-159.32,73,73.4,90,20.8
107,east london,za,03/13/18,-33.02,27.91,96,71.81,76,13.13
108,vaini,to,03/13/18,-21.2,-175.2,83,84.2,40,4.7
109,dunedin,nz,03/13/18,-45.87,170.5,54,64.16,0,4.97
110,saint-leu,re,03/13/18,-21.15,55.28,73,78.8,20,4.7
111,kavaratti,in,03/13/18,10.57,72.64,100,79.73,88,9.55
112,muros,es,03/13/18,42.77,-9.06,76,53.6,90,18.34
113,pundaguitan,ph,03/13/18,6.37,126.17,100,81.89,12,11.01
114,adrar,dz,03/13/18,27.87,-0.29,12,68.0,0,10.29
115,walvis bay,na,03/13/18,-22.95,14.51,77,60.8,0,1.12
116,husavik,is,03/13/18,66.04,-17.34,64,35.6,90,8.05
117,ormara,pk,03/13/18,25.21,64.64,92,71.99,0,8.32
118,manokwari,id,03/13/18,-0.87,134.08,100,78.56,92,5.86
119,chernoyerkovskaya,ru,03/13/18,45.43,37.76,75,42.8,92,13.42
120,tarko-sale,ru,03/13/18,64.92,77.78,83,11.33,76,13.35
121,puerto del rosario,es,03/13/18,28.5,-13.86,77,64.4,0,5.82
122,vestmannaeyjar,is,03/13/18,63.44,-20.27,90,41.39,44,24.87
123,thompson,ca,03/13/18,55.74,-97.86,45,42.8,5,11.41
124,boda,cf,03/13/18,4.32,17.47,88,73.7,44,2.73
125,mossendjo,cg,03/13/18,-2.95,12.72,96,73.16,92,2.17
126,baraboo,us,03/13/18,43.47,-89.74,49,30.2,1,4.7
127,camocim,br,03/13/18,-2.9,-40.84,87,78.65,32,8.43
128,qaanaaq,gl,03/13/18,77.48,-69.36,100,-10.37,56,2.39
129,sitka,us,03/13/18,37.17,-99.65,30,53.63,0,4.97
130,nizwa,om,03/13/18,22.93,57.53,75,56.69,0,3.4
131,katsuura,jp,03/13/18,33.93,134.5,71,53.6,20,5.82
132,bluff,nz,03/13/18,-46.6,168.33,96,59.93,44,29.24
133,foki,ru,03/13/18,56.69,54.35,82,7.91,56,9.44
134,luena,ao,03/13/18,-11.78,19.91,94,62.54,32,2.84
135,tromso,no,03/13/18,69.65,18.96,67,19.4,0,4.7
136,kenai,us,03/13/18,60.55,-151.26,74,35.6,90,8.05
137,pevek,ru,03/13/18,69.7,170.27,92,-21.08,0,3.85
138,san patricio,mx,03/13/18,19.22,-104.7,69,78.8,20,6.93
139,skjervoy,no,03/13/18,70.03,20.97,100,24.47,44,7.43
140,saldanha,za,03/13/18,-33.01,17.94,88,62.6,68,2.24
141,tuktoyaktuk,ca,03/13/18,69.44,-133.03,84,21.2,20,3.36
142,tual,id,03/13/18,-5.67,132.75,100,80.9,48,14.7
143,petatlan,mx,03/13/18,17.52,-101.27,74,84.2,5,6.93
144,ilulissat,gl,03/13/18,69.22,-51.1,78,10.4,90,3.4
145,mayya,ru,03/13/18,61.74,130.28,83,-11.21,0,5.41
146,nakhon phanom,th,03/13/18,17.41,104.78,90,67.49,0,3.06
147,charcas,mx,03/13/18,23.13,-101.11,23,72.62,0,2.28
148,coahuayana,mx,03/13/18,18.62,-100.35,24,85.94,0,2.95
149,batagay-alyta,ru,03/13/18,67.8,130.41,38,-27.02,20,3.18
150,port hardy,ca,03/13/18,50.7,-127.42,76,50.0,90,16.11
151,torbay,ca,03/13/18,47.66,-52.73,92,30.2,90,16.11
152,mecca,sa,03/13/18,21.43,39.83,64,75.2,0,2.62
153,narsaq,gl,03/13/18,60.91,-46.05,62,21.2,20,4.7
154,dicabisagan,ph,03/13/18,17.08,122.42,100,72.26,88,2.17
155,chokurdakh,ru,03/13/18,70.62,147.9,75,-24.68,32,9.33
156,el vigia,ve,03/13/18,8.62,-71.65,54,69.11,20,0.72
157,kununurra,au,03/13/18,-15.77,128.74,58,87.8,0,1.12
158,saint george,bm,03/13/18,32.38,-64.68,59,64.4,75,29.97
159,srandakan,id,03/13/18,-7.94,110.25,96,73.25,76,3.51
160,ostrovnoy,ru,03/13/18,68.05,39.51,77,6.83,32,8.32
161,san cristobal,ec,03/13/18,-1.02,-79.44,100,63.89,36,0.94
162,skibbereen,ie,03/13/18,51.55,-9.27,100,46.4,75,28.86
163,geraldton,au,03/13/18,-28.77,114.6,61,77.0,0,4.7
164,alice springs,au,03/13/18,-23.7,133.88,29,77.0,0,8.05
165,feldbach,at,03/13/18,46.95,15.89,100,42.8,75,3.36
166,teahupoo,pf,03/13/18,-17.83,-149.27,69,82.4,75,3.36
167,vrangel,ru,03/13/18,42.73,133.08,86,35.54,0,8.66
168,mount gambier,au,03/13/18,-37.83,140.78,81,62.81,80,3.4
169,grimshaw,ca,03/13/18,56.19,-117.61,39,44.6,40,3.36
170,arlit,ne,03/13/18,18.74,7.39,19,65.96,0,6.98
171,havre-saint-pierre,ca,03/13/18,50.23,-63.6,74,33.8,90,9.17
172,kaitangata,nz,03/13/18,-46.28,169.85,55,63.8,0,20.07
173,sorong,id,03/13/18,-0.86,131.25,100,79.46,68,5.97
174,castro,cl,03/13/18,-42.48,-73.76,99,54.08,92,11.01
175,palmer,us,03/13/18,61.6,-149.11,80,37.4,90,3.36
176,yerofey pavlovich,ru,03/13/18,53.97,121.97,54,5.84,8,5.08
177,klaksvik,fo,03/13/18,62.23,-6.59,86,39.2,92,20.8
178,vostok,ru,03/13/18,46.45,135.83,73,20.51,12,2.62
179,mar del plata,ar,03/13/18,-46.43,-67.52,48,64.16,20,26.33
180,cherskiy,ru,03/13/18,68.75,161.3,55,-18.83,32,6.42
181,san carlos de bariloche,ar,03/13/18,-41.13,-71.31,71,50.0,75,18.34
182,kayes,ml,03/13/18,14.44,-11.44,26,80.81,32,8.77
183,budogoshch,ru,03/13/18,59.29,32.45,98,38.24,92,12.35
184,kodiak,us,03/13/18,39.95,-94.76,28,46.4,1,13.87
185,klyuchi,ru,03/13/18,52.25,79.17,72,-5.96,36,3.51
186,bud,no,03/13/18,62.91,6.91,74,32.0,44,8.05
187,lompoc,us,03/13/18,34.64,-120.46,82,64.4,90,5.82
188,dingle,ie,03/13/18,52.14,-10.27,91,48.59,92,33.6
189,villa corzo,mx,03/13/18,16.19,-93.27,61,78.8,75,27.51
190,benito juarez,mx,03/13/18,28.64,-111.57,23,85.85,48,12.68
191,seoul,kr,03/13/18,37.57,126.98,62,57.2,75,5.82
192,makakilo city,us,03/13/18,21.35,-158.09,61,78.8,90,8.05
193,berdigestyakh,ru,03/13/18,62.1,126.7,61,-7.76,44,6.08
194,san joaquin,bo,03/13/18,-16.38,-58.39,71,82.61,44,6.53
195,tres picos,mx,03/13/18,16.23,-93.58,61,78.8,75,27.51
196,praia,cv,03/13/18,14.92,-23.51,60,73.4,0,13.87
197,opatija,hr,03/13/18,45.33,14.3,93,50.0,68,4.7
198,kajaani,fi,03/13/18,64.22,27.73,85,23.0,90,10.29
199,ilo,pe,03/13/18,-17.65,-71.34,89,66.23,0,2.73
200,fortuna,us,03/13/18,40.6,-124.16,76,51.8,75,9.17
201,copperas cove,us,03/13/18,31.12,-97.9,25,64.4,1,8.05
202,maniitsoq,gl,03/13/18,65.42,-52.9,86,15.38,80,6.53
203,high level,ca,03/13/18,58.52,-117.13,39,48.2,20,8.05
204,isangel,vu,03/13/18,-19.55,169.27,94,83.96,48,16.82
205,poum,nc,03/13/18,-20.23,164.02,95,82.34,48,20.62
206,sioux lookout,ca,03/13/18,50.1,-91.92,63,33.8,75,6.93
207,beringovskiy,ru,03/13/18,63.05,179.32,100,9.17,64,25.43
208,xiaoweizhai,cn,03/13/18,26.23,107.51,100,54.44,92,1.39
209,qaqortoq,gl,03/13/18,60.72,-46.03,62,21.2,20,4.7
210,lavrentiya,ru,03/13/18,65.58,-170.99,100,0.26,80,17.83
211,rio gallegos,ar,03/13/18,-51.62,-69.22,61,46.4,20,9.17
212,taoudenni,ml,03/13/18,22.68,-3.98,20,61.91,8,3.51
213,souillac,mu,03/13/18,-20.52,57.52,88,78.8,75,14.99
214,sao gabriel,br,03/13/18,-30.34,-54.32,77,65.24,12,2.73
215,haines junction,ca,03/13/18,60.75,-137.51,95,39.05,44,1.61
216,agadez,ne,03/13/18,16.97,7.99,16,66.23,0,4.74
217,sorland,no,03/13/18,67.67,12.69,100,32.75,8,15.48
218,hasaki,jp,03/13/18,35.73,140.83,54,57.2,0,2.24
219,kalmunai,lk,03/13/18,7.42,81.82,100,75.68,76,3.18
220,tessalit,ml,03/13/18,20.2,1.01,23,68.57,0,7.76
221,portland,au,03/13/18,-33.35,149.98,90,63.26,36,3.06
222,nisia floresta,br,03/13/18,-6.09,-35.21,78,82.4,40,9.17
223,shestakovo,ru,03/13/18,56.49,103.96,58,-6.95,24,3.06
224,surat thani,th,03/13/18,9.14,99.33,94,73.4,20,3.36
225,pisco,pe,03/13/18,-13.71,-76.2,73,73.4,0,16.11
226,leningradskiy,ru,03/13/18,69.38,178.42,99,-16.76,0,10.67
227,gusau,ng,03/13/18,12.17,6.66,48,64.61,0,3.29
228,cayenne,gf,03/13/18,4.94,-52.33,74,80.6,75,10.29
229,nachingwea,tz,03/13/18,-10.37,38.76,98,70.28,80,2.17
230,fare,pf,03/13/18,-16.7,-151.02,100,82.25,48,11.01
231,tallahassee,us,03/13/18,30.44,-84.28,35,57.2,20,5.82
232,bambous virieux,mu,03/13/18,-20.34,57.76,88,78.8,75,14.99
233,karatuzskoye,ru,03/13/18,53.61,92.87,54,-11.27,0,2.17
234,baijiantan,cn,03/13/18,45.63,85.18,97,38.06,64,6.08
235,santiago,ph,03/13/18,16.69,121.54,90,70.91,32,2.95
236,shahpur,in,03/13/18,22.19,77.91,67,59.39,0,1.61
237,coihaique,cl,03/13/18,-45.58,-72.07,87,48.2,90,8.05
238,ialibu,pg,03/13/18,-6.28,143.99,87,63.44,36,1.39
239,charters towers,au,03/13/18,-20.07,146.27,86,75.86,0,7.99
240,hofn,is,03/13/18,64.25,-15.21,100,37.97,92,24.43
241,shimoda,jp,03/13/18,34.7,138.93,63,62.6,20,17.22
242,kyren,ru,03/13/18,51.68,102.13,66,-12.26,0,1.95
243,ambilobe,mg,03/13/18,-13.19,49.05,92,71.9,20,2.73
244,bharatpur,np,03/13/18,27.68,84.43,54,58.49,0,3.06
245,saint-joseph,re,03/13/18,-21.37,55.62,73,78.8,20,4.7
246,burns lake,ca,03/13/18,54.23,-125.76,56,42.2,48,3.74
247,camacha,pt,03/13/18,33.08,-16.33,88,64.4,40,5.82
248,carballo,es,03/13/18,43.21,-8.69,67,57.2,75,20.8
249,nortelandia,br,03/13/18,-14.45,-56.8,81,78.56,32,5.75
250,tomatlan,mx,03/13/18,19.93,-105.25,56,82.34,0,4.74
251,qom,ir,03/13/18,34.64,50.88,52,46.43,0,6.53
252,ulaangom,mn,03/13/18,49.98,92.07,75,-4.34,0,0.83
253,impfondo,cg,03/13/18,1.64,18.07,97,72.8,8,2.17
254,saint-nazaire,fr,03/13/18,47.27,-2.21,93,44.6,0,8.05
255,rockhampton,au,03/13/18,-23.38,150.51,51,82.4,20,16.11
256,kerman,ir,03/13/18,30.29,57.06,60,42.8,0,6.93
257,hobyo,so,03/13/18,5.35,48.53,93,76.94,64,7.76
258,vila velha,br,03/13/18,-3.71,-38.6,83,82.4,20,5.82
259,ewo,cg,03/13/18,-0.88,14.81,88,73.7,12,5.19
260,ust-uda,ru,03/13/18,54.17,103.03,37,-11.81,0,2.62
261,merauke,id,03/13/18,-8.49,140.4,100,75.77,80,6.53
262,tuatapere,nz,03/13/18,-46.13,167.69,92,59.57,8,20.74
263,sur,om,03/13/18,22.57,59.53,92,75.14,0,3.96
264,okhotsk,ru,03/13/18,59.36,143.24,100,5.57,36,2.28
265,dahanu,in,03/13/18,19.97,72.73,96,78.29,0,14.03
266,sangar,ru,03/13/18,63.92,127.47,73,-11.18,56,4.74
267,san jose,gt,03/13/18,16.98,-89.9,73,79.1,68,4.74
268,porto novo,cv,03/13/18,17.02,-25.06,77,69.8,40,29.97
269,severo-kurilsk,ru,03/13/18,50.68,156.12,98,31.76,88,19.06
270,igarka,ru,03/13/18,67.47,86.57,84,3.05,80,17.27
271,kazachinskoye,ru,03/13/18,57.69,93.28,46,-15.68,0,3.51
272,bafoulabe,ml,03/13/18,13.81,-10.83,60,74.51,0,2.95
273,corn island,ni,03/13/18,12.17,-83.04,100,78.56,92,13.24
274,fallon,us,03/13/18,46.84,-105.12,69,35.6,1,8.05
275,pechora,ru,03/13/18,65.12,57.16,90,21.32,80,4.85
276,ponta delgada,pt,03/13/18,37.73,-25.67,76,57.2,40,31.09
277,holalkere,in,03/13/18,14.04,76.18,74,70.64,56,5.3
278,nanortalik,gl,03/13/18,60.14,-45.24,100,22.85,0,4.07
279,morgan city,us,03/13/18,29.7,-91.21,44,62.6,1,5.82
280,touho,nc,03/13/18,-20.78,165.23,94,77.84,88,9.44
281,ushtobe,kz,03/13/18,45.25,77.98,97,36.44,92,3.85
282,cockburn town,bs,03/13/18,24.03,-74.52,97,75.41,56,9.1
283,borzya,ru,03/13/18,50.39,116.53,72,9.17,36,14.47
284,chapais,ca,03/13/18,49.78,-74.86,68,28.4,90,10.29
285,trelew,ar,03/13/18,-43.25,-65.31,28,65.6,0,9.78
286,arraias,br,03/13/18,-12.93,-46.94,93,71.54,24,4.97
287,brae,gb,03/13/18,60.4,-1.35,86,39.2,68,5.82
288,pascagoula,us,03/13/18,30.37,-88.56,30,60.8,1,9.17
289,rundu,na,03/13/18,-17.91,19.77,67,70.37,0,9.1
290,quthing,ls,03/13/18,-30.4,27.7,79,44.27,0,2.39
291,barbatesti,ro,03/13/18,45.18,24.12,76,48.2,75,16.11
292,koslan,ru,03/13/18,63.46,48.9,92,21.68,92,3.74
293,bartica,gy,03/13/18,6.41,-58.62,94,75.2,0,9.17
294,seddon,nz,03/13/18,-41.67,174.07,66,67.94,0,3.29
295,karpogory,ru,03/13/18,64.0,44.44,89,22.67,92,4.41
296,saint-augustin,ca,03/13/18,45.63,-73.98,92,30.2,90,8.05
297,mikulasovice,cz,03/13/18,50.97,14.36,93,39.2,90,11.41
298,arusha,tz,03/13/18,-3.37,36.69,94,69.8,75,2.73
299,aklavik,ca,03/13/18,68.22,-135.01,58,26.6,75,3.18
300,ponta do sol,pt,03/13/18,32.67,-17.1,82,64.4,20,12.75
301,banda aceh,id,03/13/18,5.56,95.32,98,72.08,12,2.73
302,jumla,np,03/13/18,29.28,82.18,81,20.51,12,1.72
303,mandan,us,03/13/18,46.83,-100.89,60,42.8,1,6.93
304,lagunillas,ve,03/13/18,8.5,-71.39,54,69.11,20,0.72
305,rawson,ar,03/13/18,-43.3,-65.11,28,65.6,0,9.78
306,lodja,cd,03/13/18,-3.52,23.6,98,70.28,68,2.62
307,luderitz,na,03/13/18,-26.65,15.16,88,62.6,24,18.34
308,bintulu,my,03/13/18,3.17,113.03,100,75.2,75,5.82
309,idil,tr,03/13/18,37.34,41.89,51,60.8,0,9.17
310,hinton,ca,03/13/18,53.4,-117.57,49,44.18,12,2.28
311,richards bay,za,03/13/18,-28.77,32.06,95,69.83,0,9.44
312,denpasar,id,03/13/18,-8.65,115.22,100,73.88,56,0.16
313,kotelnich,ru,03/13/18,58.31,48.34,84,24.11,92,14.03
314,vardo,no,03/13/18,70.37,31.11,78,12.2,40,12.75
315,rio brilhante,br,03/13/18,-21.8,-54.54,73,82.34,24,4.41
316,port macquarie,au,03/13/18,-31.43,152.91,83,71.6,40,11.41
317,port hawkesbury,ca,03/13/18,45.62,-61.36,88,32.0,90,26.4
318,xichang,cn,03/13/18,27.88,102.25,95,39.23,36,1.5
319,chifeng,cn,03/13/18,42.27,118.96,85,40.4,0,5.75
320,penzance,gb,03/13/18,50.12,-5.53,93,48.2,90,16.11
321,sao filipe,cv,03/13/18,14.9,-24.5,89,72.89,12,17.27
322,borogontsy,ru,03/13/18,62.67,131.17,57,-12.08,56,3.96
323,leh,in,03/13/18,34.16,77.58,79,4.04,80,1.39
324,jega,ng,03/13/18,12.22,4.38,69,69.11,0,3.4
325,huarmey,pe,03/13/18,-10.07,-78.15,66,70.01,24,2.62
326,maple creek,ca,03/13/18,49.91,-109.46,68,37.88,0,4.41
327,kirovskiy,ru,03/13/18,45.09,133.51,86,21.5,64,3.18
328,menongue,ao,03/13/18,-14.66,17.68,89,64.16,0,2.51
329,sao felix do xingu,br,03/13/18,-6.64,-51.99,92,77.03,12,2.06
330,katherine,au,03/13/18,-14.47,132.26,69,82.4,0,11.41
331,bogorodskoye,ru,03/13/18,52.37,140.44,63,13.76,8,3.74
332,palora,ec,03/13/18,-1.7,-77.97,89,66.41,0,2.39
333,teya,ru,03/13/18,60.37,92.63,68,-1.73,48,4.85
334,nizhniy baskunchak,ru,03/13/18,48.22,46.83,77,7.64,0,11.12
335,mozarlandia,br,03/13/18,-14.74,-50.57,92,74.24,32,5.64
336,auki,sb,03/13/18,-8.77,160.7,97,83.69,68,4.41
337,boyolangu,id,03/13/18,-8.09,111.9,94,72.17,44,4.07
338,mujiayingzi,cn,03/13/18,42.12,118.78,85,40.4,0,5.75
339,iquique,cl,03/13/18,-20.22,-70.14,68,71.6,0,9.17
340,nechi,co,03/13/18,5.59,-75.16,82,71.27,0,2.17
341,smithers,ca,03/13/18,54.78,-127.17,42,48.2,75,6.93
342,ishigaki,jp,03/13/18,24.34,124.16,73,71.6,75,8.05
343,grindavik,is,03/13/18,63.84,-22.43,74,41.0,75,11.41
344,canete,cl,03/13/18,-37.8,-73.4,89,49.31,8,2.51
345,north bend,us,03/13/18,43.41,-124.22,76,53.6,75,8.05
346,balkhash,kz,03/13/18,46.84,74.98,88,27.17,48,7.65
347,okha,ru,03/13/18,53.59,142.95,94,10.52,56,9.22
348,nara,ml,03/13/18,15.17,-7.29,19,79.19,76,9.22
349,santa branca,br,03/13/18,-23.4,-45.88,88,77.0,20,11.41
350,clyde river,ca,03/13/18,70.47,-68.59,75,-14.81,90,13.87
351,hokitika,nz,03/13/18,-42.72,170.96,100,59.03,88,6.76
352,kiknur,ru,03/13/18,57.3,47.21,82,22.67,76,13.24
353,calama,cl,03/13/18,-22.46,-68.93,25,66.2,0,17.22
354,lapua,fi,03/13/18,62.97,23.01,92,23.0,90,14.99
355,kloulklubed,pw,03/13/18,7.04,134.26,83,78.8,90,5.82
356,bordighera,it,03/13/18,43.79,7.66,70,48.2,0,9.17
357,bocas del toro,pa,03/13/18,9.33,-82.25,100,79.19,44,8.99
358,tuy hoa,vn,03/13/18,13.08,109.3,98,71.99,92,3.18
359,stepnyak,kz,03/13/18,52.83,70.79,85,-0.2,48,9.44
360,berlevag,no,03/13/18,70.86,29.09,100,22.04,76,8.99
361,shache,cn,03/13/18,38.42,77.24,66,43.55,32,10.45
362,gushikawa,jp,03/13/18,26.35,127.87,68,71.6,1,12.75
363,marawi,sd,03/13/18,18.48,31.82,37,58.85,0,7.76
364,namibe,ao,03/13/18,-15.19,12.15,100,75.59,32,2.51
365,stabat,id,03/13/18,3.76,98.46,88,70.73,0,2.17
366,constitucion,mx,03/13/18,23.99,-104.67,14,82.4,40,6.93
367,bealanana,mg,03/13/18,-14.54,48.75,85,63.71,44,4.07
368,ewa beach,us,03/13/18,21.32,-158.01,73,78.8,90,13.87
369,beyneu,kz,03/13/18,45.32,55.19,69,7.73,0,2.95
370,benguela,ao,03/13/18,-12.58,13.4,100,77.57,76,6.08
371,zhangye,cn,03/13/18,38.94,100.46,60,31.49,0,7.87
372,port blair,in,03/13/18,11.67,92.75,100,82.34,0,6.53
373,matara,lk,03/13/18,5.95,80.54,98,79.1,88,8.99
374,djambala,cg,03/13/18,-2.55,14.76,94,70.82,76,7.2
375,tura,ru,03/13/18,64.27,100.22,60,-7.67,76,4.41
376,serov,ru,03/13/18,59.61,60.57,70,16.73,88,7.99
377,sept-iles,ca,03/13/18,50.2,-66.38,64,33.8,90,17.22
378,nysa,pl,03/13/18,50.47,17.33,85,40.85,8,9.33
379,mugur-aksy,ru,03/13/18,50.38,90.44,72,-2.09,24,1.95
380,anadyr,ru,03/13/18,64.73,177.51,76,-5.81,90,8.95
381,quelimane,mz,03/13/18,-17.88,36.89,88,78.8,40,4.7
382,te anau,nz,03/13/18,-45.41,167.72,70,55.79,12,13.58
383,chernyshevskiy,ru,03/13/18,63.01,112.47,79,-8.48,36,5.3
384,deputatskiy,ru,03/13/18,69.3,139.9,54,-32.87,24,2.73
385,kihei,us,03/13/18,20.76,-156.45,61,78.8,40,16.11
386,tymovskoye,ru,03/13/18,50.85,142.66,74,16.73,64,5.53
387,carauari,br,03/13/18,-4.88,-66.9,93,81.26,12,2.06
388,sabang,id,03/13/18,1.17,120.82,100,82.52,8,4.41
389,pemagatsel,bt,03/13/18,27.03,91.43,77,49.76,0,2.39
390,doka,sd,03/13/18,13.52,35.76,45,62.99,0,3.74
391,tagusao,ph,03/13/18,9.19,117.81,93,78.83,56,4.41
392,wasco,us,03/13/18,35.59,-119.34,56,73.4,20,5.82
393,manavalakurichi,in,03/13/18,8.13,77.3,88,78.8,75,4.7
394,uk,ru,03/13/18,55.08,98.86,62,-8.21,0,2.39
395,sarishabari,bd,03/13/18,24.75,89.83,92,64.79,0,5.97
396,hojai,in,03/13/18,26.0,92.85,94,56.24,0,1.28
397,shadrinsk,ru,03/13/18,56.09,63.63,68,-9.38,12,4.63
398,el retorno,co,03/13/18,2.33,-72.63,34,92.33,76,4.18
399,dwarka,in,03/13/18,28.58,77.04,31,75.2,0,6.93
400,port augusta,au,03/13/18,-32.49,137.76,72,66.2,0,11.41
401,manicore,br,03/13/18,-5.81,-61.3,87,78.56,32,3.4
402,lazurne,ua,03/13/18,46.77,34.99,94,37.34,92,17.38
403,guaymas,mx,03/13/18,27.92,-110.9,39,84.2,75,12.75
404,nelson bay,au,03/13/18,-32.72,152.14,65,77.0,40,8.05
405,puerto escondido,mx,03/13/18,15.86,-97.07,74,80.6,20,7.99
406,kandrian,pg,03/13/18,-6.21,149.55,84,81.98,76,5.97
407,kuandian,cn,03/13/18,40.73,124.78,92,43.91,92,9.44
408,solwezi,zm,03/13/18,-12.18,26.4,98,63.53,92,3.96
409,puerto narino,co,03/13/18,-3.77,-70.38,94,80.6,75,2.24
410,homer,us,03/13/18,59.64,-151.54,74,35.6,90,3.36
411,iralaya,hn,03/13/18,15.0,-83.23,74,82.4,20,5.82
412,orocue,co,03/13/18,4.79,-71.34,31,94.13,32,8.21
413,aykhal,ru,03/13/18,65.95,111.51,40,-27.38,0,2.84
414,san rafael del sur,ni,03/13/18,11.85,-86.44,40,89.6,20,11.41
415,panaba,mx,03/13/18,21.28,-88.27,59,77.03,56,7.31
416,sencur,si,03/13/18,46.25,14.42,100,41.0,40,4.7
417,belozerskoye,ru,03/13/18,55.82,65.58,59,-6.5,12,6.2
418,jadu,ly,03/13/18,31.95,12.03,71,51.29,32,2.73
419,antofagasta,cl,03/13/18,-23.65,-70.4,72,68.0,40,6.93
420,aligudarz,ir,03/13/18,33.4,49.69,81,26.54,0,3.4
421,altamira,br,03/13/18,-3.2,-52.21,100,77.0,40,4.18
422,plouzane,fr,03/13/18,48.38,-4.62,87,48.2,90,18.34
423,kampene,cd,03/13/18,-3.59,26.67,99,67.22,76,2.62
424,marsa matruh,eg,03/13/18,31.35,27.25,77,59.0,0,5.82
425,kapit,my,03/13/18,2.02,112.94,98,73.16,68,2.73
426,lamu,ke,03/13/18,-2.27,40.9,99,78.29,64,5.08
427,chapleau,ca,03/13/18,47.85,-83.4,85,15.8,90,10.29
428,hammond,us,03/13/18,30.5,-90.46,44,62.6,1,8.05
429,myitkyina,mm,03/13/18,25.38,97.4,98,56.51,0,2.39
430,quatre cocos,mu,03/13/18,-20.21,57.76,88,78.8,75,14.99
431,sarangani,ph,03/13/18,5.4,125.46,98,82.88,44,3.62
432,birstonas,lt,03/13/18,54.62,24.03,87,44.6,92,9.17
433,tateyama,jp,03/13/18,36.66,137.31,38,59.0,20,8.05
434,umm lajj,sa,03/13/18,25.02,37.27,100,62.27,0,3.4
435,mahajanga,mg,03/13/18,-15.72,46.32,78,78.8,20,4.7
436,yatou,cn,03/13/18,33.81,104.32,75,23.84,0,1.72
437,evensk,ru,03/13/18,61.92,159.24,100,-8.75,0,5.41
438,novyy urgal,ru,03/13/18,51.07,132.56,68,13.13,76,3.62
439,gamba,ga,03/13/18,-2.72,10.02,97,82.7,100,5.19
440,jalu,ly,03/13/18,29.03,21.55,44,57.05,0,3.74
441,progreso,mx,03/13/18,20.25,-99.19,44,69.56,0,4.74
442,boulder city,us,03/13/18,35.98,-114.83,33,78.8,75,12.75
443,male,mv,03/13/18,4.17,73.51,83,80.6,40,2.24
444,padang,id,03/13/18,-0.92,100.36,100,82.97,100,8.99
445,baker city,us,03/13/18,44.77,-117.83,33,60.8,90,8.05
446,obama,jp,03/13/18,35.49,135.74,78,55.43,0,3.4
447,cabra,ph,03/13/18,13.89,120.05,100,80.09,0,21.85
448,nova olimpia,br,03/13/18,-14.8,-57.29,75,80.54,48,6.08
449,maceio,br,03/13/18,-9.67,-35.74,88,78.8,0,10.29
450,shenjiamen,cn,03/13/18,29.96,122.3,89,57.77,48,20.4
451,jaru,br,03/13/18,-10.43,-62.48,94,76.31,76,2.06
452,imbituba,br,03/13/18,-28.24,-48.67,78,75.2,75,5.82
453,porto walter,br,03/13/18,-8.27,-72.74,70,84.14,32,3.4
454,ilsede,de,03/13/18,52.27,10.2,86,39.2,75,10.29
455,georgiyevka,kz,03/13/18,43.04,74.71,99,36.62,92,2.73
456,do gonbadan,ir,03/13/18,30.36,50.8,46,50.0,0,1.72
457,vila franca do campo,pt,03/13/18,37.72,-25.43,76,57.2,40,31.09
458,rijeka,hr,03/13/18,45.33,14.44,93,50.0,75,4.7
459,port-gentil,ga,03/13/18,-0.72,8.78,88,80.6,40,4.7
460,broome,au,03/13/18,-17.97,122.23,79,84.2,0,1.12
461,takoradi,gh,03/13/18,4.89,-1.75,100,80.63,20,7.2
462,tanout,ne,03/13/18,14.97,8.88,19,66.32,0,5.19
463,panguna,pg,03/13/18,-6.32,155.48,72,85.58,44,3.74
464,luzhou,cn,03/13/18,28.89,105.45,95,52.91,68,2.17
465,sheboygan,us,03/13/18,43.75,-87.71,53,26.6,90,9.17
466,urbano santos,br,03/13/18,-3.2,-43.39,75,80.99,24,8.66
467,aldan,ru,03/13/18,58.61,125.39,65,-1.28,36,6.31
468,valkeala,fi,03/13/18,60.94,26.8,100,32.0,90,3.36
469,ola,ru,03/13/18,59.58,151.3,53,-4.01,0,10.45
470,murgab,tm,03/13/18,37.5,61.97,87,44.6,75,4.52
471,sambava,mg,03/13/18,-14.27,50.17,100,79.01,68,22.3
472,pangnirtung,ca,03/13/18,66.15,-65.72,80,6.11,64,3.62
473,semey,kz,03/13/18,50.41,80.25,78,4.49,80,2.73
474,pangody,ru,03/13/18,65.85,74.49,81,13.4,76,12.68
475,bubaque,gw,03/13/18,11.28,-15.83,88,73.4,0,4.7
476,necochea,ar,03/13/18,-38.55,-58.74,74,54.26,0,6.64
477,herat,af,03/13/18,34.35,62.22,90,36.26,0,3.62
478,rio novo do sul,br,03/13/18,-20.86,-40.94,100,78.47,64,5.97
479,yar-sale,ru,03/13/18,66.83,70.83,77,9.26,24,10.22
480,guerrero negro,mx,03/13/18,27.97,-114.04,68,66.77,56,14.36
481,gravelbourg,ca,03/13/18,49.88,-106.56,90,23.84,0,7.76
482,serchhip,in,03/13/18,23.31,92.85,92,49.94,0,1.83
483,vanavara,ru,03/13/18,60.35,102.28,76,-3.8,48,5.08
484,santa maria da boa vista,br,03/13/18,-8.8,-39.83,89,73.88,48,4.97
485,amboise,fr,03/13/18,47.41,0.98,80,39.2,0,3.36
486,cairns,au,03/13/18,-16.92,145.77,65,82.4,40,6.93
487,mikhaylovskoye,ru,03/13/18,43.1,44.64,88,21.68,48,2.95
488,talcahuano,cl,03/13/18,-36.72,-73.12,72,59.0,0,14.99
489,clarence town,bs,03/13/18,23.1,-74.98,100,76.31,80,9.22
490,yulara,au,03/13/18,-25.24,130.99,25,77.0,0,12.75
491,touros,br,03/13/18,-5.2,-35.46,89,80.27,56,10.0
492,zhifang,cn,03/13/18,30.35,114.31,82,64.4,90,8.95
493,pangai,to,03/13/18,-19.8,-174.35,84,86.0,40,6.93
494,doha,qa,03/13/18,25.29,51.53,46,71.6,0,5.82
495,sai buri,th,03/13/18,6.7,101.62,94,75.2,75,5.82
496,yokadouma,cm,03/13/18,3.52,15.05,78,74.15,64,3.96
497,pestovo,ru,03/13/18,55.36,37.98,62,24.8,0,17.9
498,ulagan,ru,03/13/18,50.63,87.96,66,-5.6,0,2.17
499,saint-pierre,pm,03/13/18,46.77,-56.17,94,35.45,68,34.72
